{
  "exp1_probing": {
    "implicit": {
      "layer_accuracies": [
        0.16666666666666666,
        0.8266666666666667,
        0.8933333333333333,
        0.9,
        0.6,
        0.6066666666666667,
        0.5866666666666667,
        0.5733333333333334,
        0.6666666666666666,
        0.6533333333333333,
        0.6866666666666666,
        0.6866666666666666,
        0.7066666666666667,
        0.7133333333333334,
        0.7066666666666667,
        0.74,
        0.78,
        0.7666666666666667,
        0.78,
        0.7933333333333333,
        0.8266666666666667,
        0.76,
        0.7466666666666667,
        0.7733333333333333,
        0.7533333333333333,
        0.7666666666666667,
        0.7933333333333333,
        0.8266666666666667,
        0.8666666666666667
      ],
      "n_samples": 150,
      "chance": 0.16666666666666666
    },
    "explicit": {
      "layer_accuracies": [
        0.16666666666666666,
        0.8866666666666667,
        0.8933333333333333,
        0.9266666666666666,
        0.5933333333333334,
        0.6266666666666667,
        0.6066666666666667,
        0.6,
        0.64,
        0.6266666666666667,
        0.7066666666666667,
        0.7533333333333333,
        0.7666666666666667,
        0.76,
        0.8,
        0.7733333333333333,
        0.8,
        0.78,
        0.7733333333333333,
        0.8133333333333334,
        0.86,
        0.8266666666666667,
        0.8066666666666666,
        0.8066666666666666,
        0.7733333333333333,
        0.8133333333333334,
        0.8066666666666666,
        0.82,
        0.8266666666666667
      ],
      "n_samples": 150,
      "chance": 0.16666666666666666
    },
    "control": {
      "layer_accuracies": [
        0.16666666666666666,
        0.4866666666666667,
        0.44666666666666666,
        0.49333333333333335,
        0.5266666666666666,
        0.5733333333333334,
        0.44666666666666666,
        0.5466666666666666,
        0.6266666666666667,
        0.64,
        0.66,
        0.6,
        0.58,
        0.5933333333333334,
        0.58,
        0.5866666666666667,
        0.58,
        0.6,
        0.5733333333333334,
        0.5466666666666666,
        0.54,
        0.56,
        0.5733333333333334,
        0.5866666666666667,
        0.6533333333333333,
        0.6533333333333333,
        0.6533333333333333,
        0.7,
        0.72
      ],
      "n_samples": 150,
      "chance": 0.16666666666666666
    },
    "all": {
      "layer_accuracies": [
        0.16666666666666666,
        0.8555555555555555,
        0.8222222222222222,
        0.8244444444444444,
        0.8777777777777778,
        0.8933333333333333,
        0.8933333333333333,
        0.8688888888888889,
        0.8711111111111111,
        0.8777777777777778,
        0.8911111111111111,
        0.8666666666666667,
        0.8688888888888889,
        0.8688888888888889,
        0.8688888888888889,
        0.8622222222222222,
        0.8711111111111111,
        0.8733333333333333,
        0.8711111111111111,
        0.8577777777777778,
        0.8688888888888889,
        0.8533333333333334,
        0.8466666666666667,
        0.8533333333333334,
        0.8955555555555555,
        0.8955555555555555,
        0.8933333333333333,
        0.8977777777777778,
        0.9044444444444445
      ],
      "n_samples": 450,
      "chance": 0.16666666666666666
    },
    "permutation_test": {
      "real_accuracy": 0.9044444444444445,
      "perm_mean": 0.1666,
      "perm_std": 0.018634774343007615,
      "p_value": 0.004975124378109453,
      "n_perms": 200,
      "best_layer": 28
    },
    "confusion_matrix": [
      [
        71,
        0,
        2,
        0,
        0,
        2
      ],
      [
        0,
        69,
        1,
        0,
        4,
        1
      ],
      [
        4,
        0,
        70,
        1,
        0,
        0
      ],
      [
        1,
        0,
        1,
        72,
        0,
        1
      ],
      [
        0,
        11,
        2,
        0,
        57,
        5
      ],
      [
        3,
        0,
        2,
        0,
        2,
        68
      ]
    ]
  },
  "exp2_implicit_explicit": {
    "implicit_vs_explicit": {
      "mean_per_layer": [
        1.0,
        0.9643495082855225,
        0.9716214537620544,
        0.9494014382362366,
        0.8447786569595337,
        0.8202460408210754,
        0.8600680828094482,
        0.8363969922065735,
        0.7832950353622437,
        0.7657791972160339,
        0.7597813010215759,
        0.7892587780952454,
        0.7887023091316223,
        0.7765318155288696,
        0.7845777273178101,
        0.7819381356239319,
        0.7898756265640259,
        0.7705775499343872,
        0.767865002155304,
        0.7880040407180786,
        0.7683144211769104,
        0.7758718729019165,
        0.7733610272407532,
        0.7832810282707214,
        0.7934751510620117,
        0.814577579498291,
        0.8123036623001099,
        0.8256852626800537,
        0.898374617099762
      ],
      "std_per_layer": [
        0.0,
        0.0069521646946668625,
        0.00590581214055419,
        0.020549695938825607,
        0.09176300466060638,
        0.11079297214746475,
        0.07582808285951614,
        0.08680123090744019,
        0.08020883798599243,
        0.08768633753061295,
        0.0846245288848877,
        0.07389577478170395,
        0.0721220076084137,
        0.07799825817346573,
        0.07496828585863113,
        0.07756805419921875,
        0.06633178144693375,
        0.06859023123979568,
        0.0709528848528862,
        0.0644887387752533,
        0.07876500487327576,
        0.0807519480586052,
        0.08914382755756378,
        0.08684928715229034,
        0.08742902427911758,
        0.07844220846891403,
        0.07626178115606308,
        0.06846120208501816,
        0.06306283175945282
      ],
      "overall_mean": 0.8220101594924927
    },
    "implicit_vs_control": {
      "mean_per_layer": [
        1.0,
        0.967500627040863,
        0.9731073975563049,
        0.9431220293045044,
        0.8116885423660278,
        0.7675193548202515,
        0.808170735836029,
        0.7916656136512756,
        0.6995096206665039,
        0.6588122844696045,
        0.645715057849884,
        0.6946485638618469,
        0.6989902853965759,
        0.6827609539031982,
        0.7085728645324707,
        0.7013242244720459,
        0.7268003821372986,
        0.7094445824623108,
        0.7083684802055359,
        0.7359470725059509,
        0.7178409099578857,
        0.7254956364631653,
        0.7332946062088013,
        0.7372574806213379,
        0.7530925273895264,
        0.770283579826355,
        0.7664914131164551,
        0.7789915204048157,
        0.8200070261955261
      ],
      "std_per_layer": [
        0.0,
        0.008480546995997429,
        0.004860092885792255,
        0.0167201180011034,
        0.06616665422916412,
        0.08323238044977188,
        0.058610014617443085,
        0.07035910338163376,
        0.056097161024808884,
        0.05599043890833855,
        0.053136806935071945,
        0.04310653731226921,
        0.04192217066884041,
        0.047387879341840744,
        0.04277583584189415,
        0.04739489033818245,
        0.04645194858312607,
        0.04871312528848648,
        0.050703391432762146,
        0.04265918955206871,
        0.055348675698041916,
        0.05763883516192436,
        0.06530655920505524,
        0.06491521000862122,
        0.06135392561554909,
        0.05670241639018059,
        0.053824447095394135,
        0.050771553069353104,
        0.06279639154672623
      ],
      "overall_mean": 0.7667731642723083
    },